X1,X2,Y
0.8023175885000777,-0.005685245725693979,0
-0.22003458042874777,-0.537809214179439,1
0.9522393889326767,0.731661651415862,0
0.6242623672137995,-0.04746641889300241,0
-0.28365933229523765,0.31978502056357394,1
0.6574337149951269,0.3450693372363897,0
-0.8532755058756292,0.6257099578586881,0
-0.4378275456784545,0.15696495075039568,1
-0.36461009367536723,0.09563757152027763,1
-0.7915130130855067,-0.686432921245505,0
-0.5773213428751437,0.25763879568282233,0
0.9439937367290272,0.2289754790665935,0
0.5847362872766598,-0.8228468667122685,0
0.11424855518410815,0.6951162973262504,0
0.5145320323910836,0.8610176928604363,0
-0.23954008515939237,-0.6788716430283265,1
-0.46871660914996705,0.5812228925284614,0
-0.1447434048470128,0.7220238486473418,1
1.165451620247116,0.2036970340710575,0
-0.1574682129740427,-0.19503360071822123,1
0.22933400610449872,-0.27188167395767837,1
-0.14089946063280062,-0.8017473611428356,1
-1.2402898199292258,0.337351645132859,0
0.23689665798085024,-0.055095213864469715,1
0.15089152306427156,0.610338103830761,1
-1.0185666042475015,-0.08059436884878057,0
0.07590747943382546,-0.8404237039709676,0
0.33352112320969973,-0.8654768687563155,0
-0.3630949403923536,1.1556237541057468,0
-0.6205265208193484,-1.0604918530279066,0
0.40662829950712465,0.06553336718385656,1
-0.37223180624927993,0.4133513283574416,1
-0.2871088809011417,-0.01253651575013906,1
-1.0731580469073623,-0.32786006270930196,0
0.554031201574399,0.3979577464442377,1
-0.5179764818517397,-0.30251403559116974,1
0.7302357059418945,-0.189715829457778,1
1.1750833719043534,-0.5056017255537888,0
-0.6610123612983068,-0.2423820234547651,1
0.5188758433850631,0.44709043445016056,1
-0.8581902691668502,-0.03714223587385459,1
0.6630000375368417,-0.7674930693183202,0
0.36058228687663024,-1.138114801460175,0
-0.4339345420869318,-1.1145659044407705,0
-0.19482852127198466,-0.5014774391883158,1
-0.17735923450721064,-0.648186272338277,1
-0.08352913099133479,0.8857180855906651,0
-0.38348309960359384,-1.3129774215555634,0
0.36495934365347876,0.05603395415231772,1
0.30233949590810216,-0.2898379904105288,1
-0.3155319500313244,-0.3700119430777393,1
-0.13382241079838986,0.7873907624637633,0
-0.288376939403417,-1.0228405175871134,0
0.12007086509867479,0.45994361907121734,1
0.5083982546753245,0.5901768189889911,1
-0.2321588308726018,0.17352714845645656,1
0.7081922951590833,-0.07028142391133736,1
0.705587633167116,-0.04540288599735076,1
0.08734766713252468,0.1664925801299394,1
-0.6874621714411793,-0.9680575484858167,0
0.36753585765318475,-0.026768393464880996,1
-0.24493250125161586,0.9145305491662458,0
-0.4253330275824542,-0.6900254821752116,1
-0.6526280528284266,-0.7974619909315308,0
0.3997332350834428,0.0852634123641664,1
-1.1418485668801437,-0.546285068144166,0
-0.018476998609680134,-0.29046983750888733,1
-0.27395818393011284,-0.10903150861615699,1
0.5043264035972231,-0.6744792947977023,0
-0.013877878742233993,-0.678573000771994,1
0.1108499156826025,0.6835065713970333,0
0.13545370108969593,0.36773228591624296,1
0.15531208881903638,0.4136655292209419,1
0.15842474679333685,-0.32253140247726386,1
-0.8450186279138777,-0.3316921483422907,0
0.4054791649673338,-0.19551862706517836,1
1.2586290326928071,-0.31824455557115294,0
-0.5446888132694604,0.8110332936369711,0
0.08822600660048384,-0.5316354052551363,1
0.08998349584923811,0.5719514183048261,1
0.30829908423372726,0.6220899803237356,1
-0.875992645959584,0.07160540615834099,0
-0.19816102061735053,0.6836347521360266,1
0.1740038779995165,-0.2811662086264003,1
-0.3109561498637987,0.04379313582586053,1
1.0475368812176344,-0.31935218684094085,0
0.3328272762827134,-0.5289222443848791,1
-0.8904972085839735,-0.4232660684780301,0
-0.7204635684329729,-1.2118283629435156,0
-0.611006237289226,-0.20220427462631985,0
0.42082108242960486,0.6980828073916673,0
1.042098366559736,-0.25225173433572523,0
0.6661068764479995,0.1748055826760327,0
1.3632495531624347,-0.20233002190847738,0
0.5188672271817678,-1.348794695660894,0
0.3480954499629255,0.8164512332536137,0
-0.40718988973786674,-1.0027584814269905,0
0.9629493933620223,0.6300539961295378,0
0.16072792738487657,-0.13477923012411247,1
-0.42540195879974474,-0.05784242597702988,1
-0.7786411890251634,0.47334675018810374,0
1.0190549672420994,0.13018416125654864,0
0.0945739699514101,0.416112286962871,1
0.25723657165222025,1.0796099312747645,0
-0.4389143883186487,-0.6196883356293881,0
0.39867227892734314,0.8542461846418299,0
-0.5463243844822695,0.21749842482820286,1
-0.49484867648560726,0.04763611789850661,1
0.26641898963315,0.0760580979863116,1
-0.7158494740563917,-0.12815556452444984,0
-0.7439529104584423,-0.7870710997386213,0
0.5428852841636473,-0.5633595365686209,0
0.9433319136764805,0.6607302114538575,0
0.24097241346113657,-0.04955928923856806,1
0.03165033858115579,0.7031197383168855,0
1.05497494991881,0.3458058085385877,0
0.6060112940665593,0.2019542992043431,1
0.16660933891944313,1.0797670845489453,0
0.13392537702396967,-0.7506544838983289,0
-0.9964412344844618,0.3279733916610932,0
-0.15490062868195756,0.7563082966687336,1
0.17099232889207144,0.5364968817023225,1
0.31251224967675895,0.537516907721852,1
0.7937816499517104,0.20392952771061368,0
0.12806760073556084,0.2007724657249105,1
-0.14033469668279652,0.6225823317043835,1
-0.08501446324630743,-0.7680934420708969,1
-0.861488728520281,-0.2986910761609626,1
-0.03160626868429334,-1.045652148660553,0
0.9760182569612296,0.5849127853828439,0
1.0370716970040328,0.4585564943973696,0
0.38997422951729827,0.1562651737483884,1
0.2318741463415273,-0.7019105316412836,0
0.08439431620564036,0.5343638886961548,1
0.3024393336824627,0.7556401599968653,0
-0.3741113210394775,-0.42236644541913154,1
-1.03688347290761,-0.3414385789543568,0
0.48185836502287616,1.03357840466938,0
1.0986153095139235,0.6391752781854192,0
-0.533263335744308,-0.12043941390599813,1
-1.1490168447522353,0.013884864301806743,0
0.9009494688043254,0.7667074485347465,0
-0.6158022470315585,-0.9453243962849349,0
-0.26043286200076166,0.2614403616888888,1
0.7956211859353783,0.6330512281136129,0
-0.7155025043234683,-0.677144796910378,0
-0.6751696632710332,-0.8715805949696713,0
-0.31997752766709664,-0.1417780478470145,1
0.695260991769578,-0.3964562667046626,0
0.46069848667272273,-0.3457487261268038,1
1.1086151025900908,0.228105268644037,0
-0.018758532989389926,0.6498905139511133,1
-0.7371906479146684,-0.6693168103333806,0
0.9312445177129964,0.7244614511347264,0
0.48449497864719165,0.40834554327783346,1
-0.1855560818974619,-0.6470865439061526,1
-0.5561517697197526,-0.1894968268208451,1
-0.1804996100191605,-0.3076239513870045,1
-0.19106905020921466,-1.049239286478031,0
-0.3282637844636705,-0.7713687996874381,1
0.18678932272949822,-0.5847487555045369,1
0.10087645000330231,-0.29815325187875263,1
-0.4874268010907964,0.2723303583523102,1
-0.2036682162806072,-0.4003902308735293,1
0.45899652702388466,0.08701490075346716,1
-0.7044609858800186,0.10938262927034081,1
-0.41520861111877055,0.4232885979610913,0
0.16186861654836315,1.09698742281731,0
-0.21098471941497338,0.6240530421527948,1
0.34403860432352984,0.1583007392494881,1
-0.10240722293160578,0.38392368976872804,1
-0.23013818636511552,0.9620256999139523,0
0.6511814649993407,-1.0748863059052123,0
-0.35801578943863493,0.5630052069106612,1
0.2008528126616712,0.9467920683703561,1
-0.5644495943396195,-0.050531742112666075,1
-0.4196503333062611,-0.6986195489097392,1
0.5224055728521528,-0.8912780787339215,0
-0.3095694759644262,0.3783248603082654,1
-0.6307935184693186,0.17211619035874604,1
-1.021444576774564,0.9361950024538859,0
-0.34104433116769917,-0.9350361609882666,0
-0.634907907691779,1.2052062274828943,0
-0.07317479515699861,-0.8095169213483152,0
0.8183643599424317,-0.4007885229509174,1
0.39039622143392877,0.12358982577666026,1
-0.1461565214633086,0.4561439718719073,1
1.1360408918339147,-0.5911151621932825,0
0.4580994296656713,-0.7417514088516693,1
0.39031569945932776,0.4841702642245721,1
0.6305897709751372,-0.5123474407015868,1
1.0098518819607423,-0.004656401727002102,0
0.7683913381432101,0.7020450251305226,0
-0.3579039047175593,-0.07910783151251416,1
-1.491379098350368,-0.6198605057410443,0
0.5777097685818708,-0.24375717741096503,1
0.9780335556017249,-0.8035971772028542,0
-0.23225119526437937,0.2026104096133058,1
-0.032460570446050274,0.40404056594825905,1
0.27785543956838665,0.349854337291016,1
0.18695331385340536,0.010883185335866602,1
-0.5465156424758901,-0.6542932203175578,1
-0.17560458007864965,0.5634296333001234,1
0.12711051585685165,0.8292981320331867,0
-0.15696957983500265,-0.5051774901735823,1
-0.2986543523822013,0.5099786639066767,1
-0.5939104432173156,-0.540492067492533,0
-0.2764378408050395,0.34419919041231656,1
-0.3797721241435892,0.9594558617868658,0
-0.02477094374559405,0.6261346366284815,1
-0.39677625839526437,0.3937744432777752,1
0.6158182784954246,-0.7161783928305604,0
-0.13036440482536144,0.1588233463958948,1
-0.3958160200306482,-0.9085871064615982,0
0.7579304691453934,-0.6122880456809523,0
-0.2158718655449286,-0.6141521652570601,1
-0.5544998036940055,1.0505619805860076,0
0.6840826362571346,0.0318807917577546,1
-0.23956624378111402,0.48083098800596086,1
0.5566074223858144,-1.0871755984663185,0
-0.056570408352770635,-0.584529932406628,1
-0.7505732087660674,-0.21192511001439157,0
-0.17042486652576638,-0.3963110430210782,1
-0.5352753783300999,-0.47731093030717214,1
-0.8005566542943183,-0.24264964422063834,1
0.40927585375339437,0.7656771473842172,0
-0.3137707499255812,-0.03218651854928503,1
0.5023404113715272,-0.21620798997934298,1
-0.25173276718812365,-0.14687602247200104,1
-0.9148995002001953,-0.30390243860521404,0
-0.41589150003664593,0.1591466033594348,1
0.056465767086086666,0.5335850561618602,1
-0.10744664924050398,0.9483352259290868,0
-0.2465874775000994,0.2811873931512865,1
0.1667211904181307,-0.6029364780011045,1
0.42051421061642924,-0.6562170842592735,1
-0.8885579224141533,0.47418072701740993,0
-0.3797550578179592,0.07323909780981919,1
0.18683673132307652,0.43885059763498807,1
0.283523801349506,0.15833547403444903,1
0.9548415087970927,-0.06364471408403072,0
0.2495685449341793,0.7950378148247509,0
0.2979718603554089,0.4134095091966622,1
1.0156205575762896,0.04955997603055947,0
-0.3015923231021088,-0.45045285503415256,1
1.2461615733439886,0.47442272863761065,0
0.6205956102381455,-0.8422632612153708,0
0.24640864491270786,0.7808413756674643,0
0.4854166843129946,1.1327880031283661,0
1.0985894280767319,-0.3828533883872848,0
1.3524546331417169,-0.12596767058423666,0
-0.49679322348925836,-0.5302915046686727,1
0.11674572979841938,-0.28088911702048297,1
-0.19683094941165616,0.7952401642584728,0
0.8068670922311736,-0.3595350366029877,1
-0.482536372313465,-0.6758984511510513,0
-0.23478463502058985,0.9794805086762318,0
-0.9285847322129586,0.26406239250041436,1
0.18940179145568073,0.8629603729404547,0
0.09849057477985491,0.48312719333740395,1
-0.3625669358154368,0.7576652704290137,0
-0.30764933349158796,-0.5489151143208517,1
1.079221755358373,0.19143762650639098,0
-0.4579542387231915,-0.34549929510202615,1
-0.21201374455711763,-0.786554480461249,1
0.8757564788817027,-0.05376488042458499,0
0.5280552129650516,0.9307864338992737,0
-0.14830905458972068,0.38238003392889763,1
-0.04966471137005812,0.49572535304433213,1
0.6419595942372917,0.12421541212873188,1
0.03917529566379575,0.7180624093332356,0
-0.08563291498516365,-0.2056306820490964,1
-1.23676440721786,-0.08873942235227064,0
-0.5072587088729682,-1.017204158754272,0
0.4585107969321718,0.24603338439047445,1
-0.8087996782445777,-0.6641904918988462,0
-0.006594015472357162,-1.122324864323379,0
-0.7869791359613537,0.5595480106140387,0
0.6826144833211242,-0.3605051272954427,0
0.9431339631038981,0.36708514138021076,0
-0.6181681758982333,0.6299814971333572,0
1.386986612124249,-0.014432035248138048,0
1.102561362135119,0.3031560978334217,0
0.15786641161695683,0.5718163448427384,1
-0.7639446970604313,-0.09948343261464773,1
0.0365658404660545,-0.3762216188538775,1
-0.47963795710258283,-0.36415546235794394,1
-0.18245263998191213,-0.41385569571375147,1
0.1631355816615459,-0.10317788581257775,1
0.5998555604163991,0.9331033397384777,0
0.07216132431281264,0.5381980190008322,1
-0.42728156554978136,-0.40722400899772326,1
0.4620309968586256,-0.31584578243740163,1
-0.9893953976561787,-0.5942541441075242,0
0.9539937568247141,0.18001761457364296,0
-0.11431262368565309,1.0955940492843939,0
0.41019693450828004,0.10095958045210965,1
-0.8321392326972269,0.9085401742426104,0
-0.4989762878896341,-0.25287179970654194,0
1.1324039594488156,-0.3277087479687209,0
-0.4352647898626725,-0.5284291146822346,1
0.5378797493766222,-0.33451745150305834,1
0.2984242963728882,-0.45000413710161674,1
-0.42244955498523085,-1.1237669208464591,0
0.6897824350308861,0.16028534179413395,0
-0.2389925483615875,0.26044456907267877,1
-0.970214552809496,0.7705389765392825,0
-0.6996629545923853,0.6086471488271021,0
-0.556660156601028,-0.8517682276935601,0
-0.5265788620531646,-0.07295737337011768,1
-0.3555587606868935,-0.5161598857734281,1
0.5215683227471211,0.8570133527611707,0
-0.4517324231458296,0.07860908775378156,1
-0.40065389936491097,0.8899024370217476,0
1.161059452963797,0.05949152689722052,0
1.0054971084643443,-0.7518668054688525,0
-0.6243632163974084,0.04087877682382473,1
0.1415200619896375,-0.6007646435014897,1
0.6675879111793428,-0.7835050405931029,0
0.006891223709474162,-0.3515463638456773,1
0.5685069208472043,-0.5581921341301914,0
-0.41188421653453927,-0.4037992536559556,1
0.5877225287529801,-0.7708480548728693,0
0.7427770601295853,0.2786642141057532,0
0.09846260803525897,-0.13418794994294916,1
0.40129647359114207,0.5323071909824605,1
-0.2855483735476178,0.19000488424290424,1
-0.4080544244292425,-0.3564853858091115,1
0.5299083322039531,-0.09908708682589695,1
-0.18186777511431926,-0.5624603273506236,1
-0.5504800554288567,0.2151985887130696,1
0.24962180346407248,-0.08139686761860457,1
0.10672265731059113,-0.5896999975936194,1
-0.8888961846749686,0.17544311457455686,0
-0.9318846324952235,-0.4023977945268633,0
-0.2543633727294007,0.8686755456429645,0
-0.4075229945105058,0.40840336896178175,1
-0.7289504217916809,0.016011239232058494,1
-0.19962363055567123,-0.8183625177080676,0
0.14422413376710835,-1.2844902899213366,0
-0.7706892705826214,0.25725829760386004,0
-0.3177209745488796,0.14641086227888372,1
-0.6947119436621503,-0.5903267911961565,0
-0.36876102119052795,-0.2643456872811544,1
-0.22293120898521784,0.15790799622384627,1
-0.5150044495168626,-0.38867055557486,0
-0.7747031613085407,-0.5134028926929565,0
-0.5873697296219672,-0.16879058799441124,1
0.5365624775674521,0.5604474480625691,1
-0.2692923301817467,0.1811304646338262,1
0.5562402988093452,0.4267828974533786,0
0.7705470461880797,0.6676142951876323,0
0.6553951319392153,-0.21003253935070162,1
-0.8295382584487732,-0.5094723293795045,0
-1.0266423138962057,-0.13662163160554092,0
-0.7206772577866423,0.7206797045561338,0
0.2965909605374199,0.8641136804879548,0
-0.18400953557092026,0.13742889952219936,1
0.022761931297812385,0.33340391200823916,1
0.17067776658275757,-0.7627456907077828,0
0.10987695662684155,-0.1453916536736174,1
1.0457042158355767,-0.44224388426567074,0
-0.5203032648066519,0.0872068740998342,1
0.2768041211522742,-0.4128104574764993,1
0.26402828664435163,0.4596217527323516,1
0.444137325773521,0.6598794369525708,1
0.0215675523339752,-0.5016447180430076,1
-0.06209926544034913,1.2584266446575065,0
0.651554395142332,-0.08678351044282451,1
1.1064544401637426,0.10398199069310504,0
1.0938648931430033,-0.542508891263976,0
-0.7656210840492957,0.7264806926988487,0
1.1300022538999537,-0.5684683819621671,0
0.42457659726610997,-0.018314568159174007,1
0.602458479837935,-0.6215817743632904,0
0.3913029757173014,-0.7167596942293666,0
-0.7496882345778009,0.7803325477975857,0
-0.5866294619129917,0.9542210856428728,0
-0.5081549381619668,0.2611603171467209,1
1.1707625444343333,-0.9232253193122988,0
-0.428016920249194,0.41238821349202204,1
0.17291464534102924,-0.4898352755832863,1
-0.12932688261799813,-0.8229997062696132,0
0.8491783400366775,-0.4028785006687985,0
-0.9459046922369295,-0.020378540668029577,0
-1.0731431880590316,0.27348621917395904,0
0.9425123733638918,-0.7116268475123876,0
-0.08077841812235799,-1.0428906008901087,0
-0.56862549366905,0.5425332083001153,0
-0.3389718956770196,-0.013670846234139278,1
0.20723170977052657,-0.7785181876029921,0
0.04660758257485392,1.043429918870035,0
-0.8921952846975796,-0.27580180348158295,0
0.5358688490570342,0.17689417474585006,1
-0.38468829845192914,-0.09249419694706074,1
0.0684998639464626,-0.6649870739917114,1
0.5747988648207469,0.7846624396480931,0
-0.8400264261588043,-0.45370867013183735,0
-0.16258394594567527,-0.4667948315751687,1
0.15417235579076696,0.8709202880350561,1
0.8529335190194939,-0.3265309626535995,0
0.20976419790502954,-0.3076545969152036,1
1.1778537415901673,0.8357562702240973,0
-0.4572422938281107,0.8334237426584945,0
0.10612415031006643,0.8976556805645908,0
-1.0797793754499154,-0.15877094600394084,0
0.07174844916588134,1.1538501999558206,0
-0.2778913595134528,-1.2842856247963617,0
1.1113598330968142,0.39978031217124316,0
-0.9914173189623583,0.10535920718582596,0
-1.1485519642385895,-0.09178576746618525,0
0.25809866089014494,-1.0619262325464198,0
0.8171683074655814,0.09644704690634483,1
0.6833222532615492,0.3268937393790402,0
0.1841886903628023,-0.7592145965968015,0
-0.7081506593930071,-0.3057977399300009,0
0.7682379540148935,0.5991192031269503,1
-0.19068733029753335,0.35454785489451,1
-0.6538877861202548,-0.08811927731370786,1
-0.4100203881105029,-0.8727514401230454,0
0.15935727413144238,-0.5368580020441047,1
0.31414180000067715,-0.08574685189695015,1
0.6193111040342754,-0.6329576056557201,0
-0.6623489442739561,-0.9785826364334858,0
0.10440077096694578,-1.1598227011296807,0
1.0207094961442704,0.6259563655401335,0
0.39314316605220456,-0.5833025630218053,1
-0.41756744657025086,0.8578283019020653,0
-0.3669451475012674,-0.8327528788170788,0
0.34377001178501576,-0.5141849796401722,0
1.038869987853323,-0.12254663129636584,0
0.27458793631041484,-0.3878213243390719,1
-0.7560500454916141,0.650354086666736,0
0.15698513052409874,0.5380040463589328,1
-0.5081120772469053,0.5308497605698272,1
-0.135483265749201,0.5515398721074803,1
0.9467450292168227,0.43545855745151135,0
0.22209555063620445,0.42232392995084456,1
-0.32543141026925065,0.2775404810028301,1
0.2110913190104475,-0.9367891835687538,0
0.2787668031181752,1.2934227062267625,0
-0.9894499047062144,0.05308424274551242,0
-0.22269242119249943,0.7753686686906314,1
-0.14681597467771473,-0.11042617513909853,1
0.44878206138640414,0.2498557051934399,1
-0.7001195658935534,0.2733892670121508,0
0.870477798983213,-0.2024668877817597,0
-0.013020547614117306,-0.051038694924569306,1
0.5729458173661653,0.18305588197858697,1
0.023158052007819965,-0.5062701952295381,1
0.18926214117512896,-0.35861538488314415,1
0.08288315655621437,-0.9351255038413964,0
0.7135202374056342,0.7327399174431019,0
-1.2704738504773543,-0.46907607971249793,0
-0.16608848530104098,0.0561887208917831,1
-0.20429968771287726,0.1739480449354069,1
-0.4753578727168375,0.10286958060476228,1
1.257466577209553,0.1748352314953578,0
0.038475936775782205,-0.44289250892121707,1
0.04418859437910633,-0.3920784336745516,1
-0.26575292475886036,0.47262451356888735,1
0.2214507925201727,0.1830320261689969,1
-0.012160265317218533,-0.4500159920766239,1
0.07724463227669032,0.7937830061204137,1
0.4076489648985041,-0.34856561637103745,1
0.25470861392463806,0.02377103650136224,1
-0.1191475419051946,-0.37088836509303363,1
0.006723182291800633,0.8321449556626735,1
0.5846064649400563,0.057794162194382034,1
-0.7256676755362844,0.6934320068628783,0
0.795497101194116,-0.6128777757456059,0
-0.29581080092366063,0.3700113305005299,1
-0.5743828558711315,0.3119524354862208,1
-0.4236801135143217,-0.4017728576686818,1
1.1482255991377834,0.015487582692079116,0
-0.8395272614965777,-0.8441302179829928,0
-0.19922109911922403,0.9820565827406779,0
0.5112392890784623,0.13557262487091234,1
0.36271017572684916,0.6588341627410619,0
0.6433413541912953,0.18658462133791595,1
0.17619422560778755,0.512778190578399,1
-0.3606375632227472,0.49068929914845216,0
0.7528342747165931,0.49305108785959995,0
0.8680119484459712,-1.0479351443627647,0
-0.32401334162803436,1.0822622341087573,0
-0.20091259060621947,-0.20568196210073983,1
-0.34803361690931345,0.3507750281549991,1
-0.9196422858041665,0.5650631317746295,0
0.8475466147347341,0.26671604860441317,0
0.338468111233304,-0.33223928285117105,1
-0.21194595922874548,-0.8464867883125327,0
0.45613083549991335,0.08784155645535258,1
0.5399090136967836,0.006139129169060146,1
-0.4998967715152813,-0.54637084870847,0
0.4216770462745614,-0.6269656559076127,1
0.3323867156091017,-1.092990553796506,0
-0.39299592187787497,0.88168774744274,0
0.3215082520835456,1.0572779887023693,0
-0.6620218032356422,1.0851467308935987,0
1.1301067805140845,-0.026085931341860713,0
0.3592497845918478,-0.44164800103670865,1
-1.111048251075887,0.2619382937204324,0
0.1263021019385643,0.6050679540337807,0
0.2418499915101172,-0.8620327039702176,0
-1.3361248623294522,0.3500519468954252,0
-0.5046174591463253,0.6261510344350731,0
0.22245524492660013,0.7158581480365516,1
-0.3277614621941476,-0.5485503023380851,1
-0.870408907652546,-0.24667875982770393,0
-0.24312065519273895,0.30526718233914063,1
0.5075987115063174,0.5631787318059697,1
-0.3041757378977493,0.25526541608788444,1
-0.009066860379877473,0.3853027439126634,1
-0.756401789525214,-0.7259247175824977,0
0.55949615866767,-0.44288071439791965,0
-1.0520405941540032,-0.301946087441225,0
-0.3141069064418661,-0.237864476864107,1
-0.6216779513355344,-0.2909816004704165,1
0.7964928154380786,0.3435001345939685,0
0.26205346356989,1.4527123955233483,0
0.11364426448253986,0.21472550092718412,1
0.08575134401416665,-0.6199873355980898,1
-0.4254305880706628,0.3608093305599072,1
-0.5984943336308863,1.075256762829849,0
-0.4460509721859834,-0.9069495486427365,0
-1.0587524552538456,0.4854011863187416,0
0.19804712761424237,-0.32817226603321636,1
0.17235750733064067,0.9551353118695552,0
0.5380644038166498,0.30087030531905046,1
0.3235746861075857,0.19139214442185068,1
-0.6665810999298858,-0.17054851784664457,1
0.4009836974440081,-0.24626131948579616,1
-0.5419054744084608,-0.8063813683851562,0
0.48437147901286126,0.9400929737165118,0
-0.14759469035978132,-0.5564513570187328,1
0.908270035958885,0.30257585613125,0
0.021789187982716035,-0.6822670730909876,1
0.0431669496188334,-0.7358616113147833,0
-0.6467078042058015,-0.8095241152911086,0
-0.853532104685968,-0.37367154847470435,0
-0.32739071698448274,0.6222455880874925,1
-0.010866443692538641,0.3885057906430256,1
0.42921060766168223,0.7565489060154509,0
0.6092499271128726,-0.3347124563414652,0
0.9088033392318249,-0.394424961908467,0
0.4388544522627888,0.9463726890718913,0
-0.30133456374811485,0.09956292006715833,0
1.0232917049180403,-0.7806381098399384,0
0.5418607497209829,0.41866399094610685,1
0.9142388534348753,0.011269997847482921,0
-0.5056782151844978,0.15703783833071955,1
-0.3571766001903103,0.9601799879622012,0
-0.6863019628340192,-0.18851184653583763,1
1.2831893338032407,0.1600901294796941,0
0.755244385834353,-0.8946465488990771,0
0.07878459418609964,0.8225581233254797,1
0.4168159935577294,0.42808240570908485,1
0.048486834659123956,-0.0411171139788159,1
-0.5049643374436033,-0.014569833984275256,1
-0.4551480754611072,0.14072770010612853,1
-0.9265133084123219,0.8797603136211972,0
0.17822355414016108,-0.5996544693288223,1
1.2817003239087066,-0.28259289876373095,0
-0.6333727985791433,-0.205416519059164,0
-0.4975015193515624,-0.20643995838205936,1
-0.041103753459857645,-0.5457686650669007,1
-0.23185586613414097,-0.6373743412712987,1
-0.5426467505070763,0.11086975224697415,1
-0.7433615891401788,-0.9479208243907261,0
0.7925870026031576,0.8849075549832813,0
0.2017788041039047,-0.7610998547866462,1
0.14592904825878222,0.5593646848939127,1
0.5100261678418978,0.8443491446146456,0
-0.012170741912893274,0.5601150146215619,1
-0.1366727184324184,0.7841802047268898,0
0.1494562644191065,0.7609226988515054,0
-0.9911782543043439,0.05349097934948949,0
0.5254674854429668,-0.38358861679747985,1
-0.9932679768314662,-0.5809602865618209,0
0.018043993298140007,-0.8782986534564481,0
1.0174297420537193,0.2569660387242063,0
-0.39320440058789136,0.0026024833660277524,1
-0.2934730754505039,0.3069662489613193,1
-0.3012159852663939,0.3902846979294838,1
0.9697101474986698,0.13888935152594148,0
-0.7796295009225029,-0.8321383808447294,0
0.4746659774001577,-0.8780576059315757,0
0.7907164943603655,-0.7858733748162794,0
-0.2754888758845323,-1.1358180680574663,0
-0.07716669841904611,0.13763203153181355,1
-0.6606644722812531,-0.15931763116892894,0
0.32739051183489115,0.33042799445232623,1
-0.38943260969344146,-0.06591434414051248,1
0.4358717518206438,0.9377866369912686,0
0.8965956027265773,0.4121214578587618,1
0.15090548169760204,0.8503311424211604,1
-1.061972322788209,0.16909889182473825,0
-0.2879196151455436,-0.1247580442211886,1
0.6274233588386001,0.9074348514094633,0
-0.5045317126137774,0.943520246276338,0
0.7256575647925712,-0.8534232263505773,0
-0.11849781322840136,0.9152193432473493,0
-1.015627077026635,0.22159173260297838,0
0.9110212406526337,-0.5350257137688006,0
-0.10950267843913361,0.22766434960172094,1
0.34312360476648485,-1.0052809847547017,0
-0.09767835198275004,-0.1631699760092905,1
-0.16019977479659314,-0.6976351810038823,1
-0.4021426125464519,-0.8644355791907529,0
-0.4499007460846993,0.12572171200814708,1
-0.15095605226357744,1.1732743869074826,0
-0.5049558078144569,-0.32399920498295454,1
-0.3325315138399097,0.5532188875051595,1
-0.4382301752912074,-0.08956081886742734,1
0.2439292521296897,-0.29171808774145647,1
0.23817672652426713,0.6457876803300641,1
-0.14000280825825775,0.42880675589107276,1
0.09501951102285547,-0.8205578919064448,0
0.8079863720653416,0.9010711113172394,0
-0.9019419268412342,0.40850440665341664,0
0.4971940627720339,0.40001524785369885,0
-0.37493472406841877,0.8903782564166487,1
0.07633779445808138,0.3515156551170299,1
-0.5422135512005368,-0.865788988121933,0
0.6385188724135469,0.3938552050788248,0
0.31016005953228665,-0.03965644119756548,1
-0.42919287023484143,0.5041584319696951,1
-0.7116405215812712,-0.679240759235488,0
-0.8236802793339526,-0.623482294314034,0
-0.5241752941005815,0.6234587478745317,1
-0.906885727763289,-0.8264071061457501,0
0.13150019260845233,-1.1972648808538282,0
-0.433657167278187,0.018982267344686582,1
-0.22847313426092625,-0.700062004362927,1
0.31885775519475246,0.30115271843441416,1
0.4054462390527167,-0.21640781553700844,1
0.7397228830588636,-0.021892488197009424,1
0.4847098556178192,0.9413600123602672,0
0.18000713020760473,-0.5920346631402551,1
0.7067952438015497,0.7429785805886167,0
0.7129835250802797,-0.482284022764771,0
0.8184920744092116,0.2849024828338329,1
-0.14903440711544833,0.5091792713370484,1
-1.095004019026935,0.8379935444581326,0
-0.6642531863307842,1.0935256685914223,0
-1.287371833607064,-0.011862976210583978,0
-0.2651943323946274,0.38483326632696724,1
0.3124165036708795,0.13182995355194138,1
0.02935963593313226,-0.25059564554280456,1
-0.4330560128394666,-0.7927592083983075,0
0.2390133587058728,-0.38741188138298177,1
-0.2864536804082062,-0.5632702862506254,1
0.1573899012120685,0.7351858162898023,0
-0.9270280264168378,0.24963225568763048,0
-0.005260743952491598,0.9083754835280419,0
-0.18061074983995085,-0.1921769171350266,1
0.2938242321066338,-0.1313427327035315,1
0.39254503063449697,-0.8137946821196063,0
-0.6236161267778405,-0.31629507963720993,1
-0.13081802049622349,-0.7897727845847398,1
0.7146254802443748,-1.0574797453737266,0
0.2819608528124998,-0.24024288555041967,1
-0.4219625491551673,-0.6449270657944571,1
-0.46849897625662684,0.3253944125009893,0
0.25504370890195843,-0.8734801370791652,0
-0.29127499959364744,-0.1917504360470908,1
-0.7428197811160566,0.26553473109760917,1
-0.9655307779073599,0.08059944341283193,0
0.4207476029543734,-0.10135783539829274,1
-1.182994051211711,-0.1638177180368191,0
-0.8235581949429753,-0.027304366831826743,0
-0.06752243414240416,-0.43905576301461197,1
-0.5837573099768266,-0.3987772216844038,0
-0.789900918159202,0.137951235432465,0
-0.6378978262936242,0.3101802718070046,0
0.3896411950371992,-0.5509916011473102,1
-0.42217310080329395,-0.18291857797532318,1
0.13414551627833013,-0.3282679050560997,1
0.4507628674891954,-1.0940634589254197,0
0.5074632473509377,0.15613419644128462,1
-0.23907594816712038,-0.3495990381601379,1
-0.49584195971106887,0.865296006074663,0
0.4611133156813009,0.015130282876148926,1
-0.09278874218228442,0.622940642847628,1
0.8979025212157234,0.08921121164218898,0
-0.07287745394474499,-0.14805725857993024,1
-0.09984167079066822,-0.5491127412203872,1
-0.3211122646968373,-0.7867238411083606,0
-0.3957433316566495,0.297259263961742,1
0.10715944631744653,-0.7135836903318942,0
-0.05945366624791065,-0.7449378646989406,0
0.7526606709760291,-0.6315034483934859,0
0.2091266884785788,-0.48586582799573896,1
-0.23522136073271596,0.9133496344915235,0
-0.07094216229146919,-0.9259577247035411,0
-0.5468953705373198,0.5472555060226745,0
-0.23065906568296735,0.7096400931176454,1
-0.12152866256402639,0.5141159876552126,1
0.655496142226935,0.6195884425568459,0
-0.4551920482780395,0.2767430573473405,1
0.10281015566970775,-0.49796186068771736,1
0.06319879492234486,-0.8268680853847934,1
-0.2496074448156728,-0.2249027882499007,1
0.44700537367613946,0.7780101367362823,0
-0.17317402055564904,0.2886587069165166,1
-0.4370574251822725,-0.6938373036375447,0
-0.40152500781091943,0.3774976171927682,1
0.7408264660921784,-0.14894718248895844,0
-0.3553189598615176,0.3990823462746367,1
-1.0861824811124177,0.6401208727618853,0
0.20616597959464994,0.7501985414645794,0
0.32425090219970754,-0.02926257447639144,1
-0.40825095030484015,0.360332123715948,1
-0.11305218395013186,0.33656607568800906,1
0.579065302496336,0.14367025507819164,1
-0.19037069389925684,-0.45164428043783533,1
0.7364631396699161,-0.5333209641425978,0
0.11079581798328941,-0.22730368994414543,1
-0.17992219602813903,1.0923750963654382,0
0.42585565114653906,1.2059547146728915,0
-0.13361273567823959,0.7678320780560186,1
0.5340307089166838,-0.20379619081661093,1
0.273856099394195,-0.7687220980245788,0
0.3081549725182735,-0.42919363589840803,1
0.9157335597262224,-0.1623660358966506,0
-0.7722314411653246,-0.2961517121121092,0
-0.405401378827862,0.5731149536148493,1
-0.8898523863897562,-1.0447651647780356,0
0.15065603997032034,1.157341908136122,0
-0.8050673018319443,-0.016381457055166734,1
0.5146408339537913,0.2724349348007733,1
-0.4627894857255928,-0.23723901986511767,1
-0.23011522274209084,-0.9695367514848876,1
-0.3549210868741467,-0.4603959341429421,0
-0.6875880747265921,0.44292419979708364,0
-0.5111235723187997,0.2572854692674914,1
0.12737101331842207,0.15969108147872713,1
1.2078243128004764,0.36053091599562614,0
-0.7604298777032104,0.2428116575703677,0
0.20631972495608458,0.16378528299876502,1
0.820855755595399,-0.2729395628776223,0
-1.1748283685272682,-0.4479050523269804,0
0.558687400330901,0.35073230799450544,1
0.6110023152830585,0.056673097182342355,1
0.4370961346610617,-0.3929534493353624,1
-0.6601514502699741,0.0852855725219861,0
0.41952111689173666,0.27923897389936714,1
-0.11800539152084469,-0.4502572505698944,1
-0.7809414004851668,-0.5899891563222458,0
0.4134027814222445,-0.09302635622749549,1
0.6169681987494041,-0.44660367374729004,0
0.6252576492301404,-0.8305516307584152,0
-0.11274405900534912,-0.4998207001382206,1
0.5238645849568848,0.5862437804111702,0
-0.04990589502003914,0.48866130566156185,1
0.9275568437496352,0.7614455537020614,0
-0.6435546936335241,-0.2954802723923271,1
0.8376576155958728,-1.0607912278546177,0
-0.9174468710435871,0.7225520111178549,0
-0.5152524918016257,1.0464591159551038,0
-0.43970127630012934,-1.0855947705794908,0
-0.5911651482965158,0.7870112284396554,0
0.25699770141923517,-0.7934159037591519,1
0.11475515369670233,0.6545527678693164,1
-0.5004124027271549,0.6453995846080481,0
-0.5491049917367885,0.39559251544847,0
0.27132937648462246,1.0967707472367598,0
0.48052987481500425,0.12740500972430369,1
-0.5798531953008824,0.757215221367962,0
0.48992484229548405,0.9407693566184876,0
-0.5877198018977703,0.0910025222383832,1
-0.16803553979118724,1.06078062703586,0
-0.44984976297029367,0.8833597954099661,0
0.5139900548635579,0.3293029389487591,1
0.09816619701938062,-0.9092463884919534,0
-0.09040099732913656,0.7411697174682026,1
0.3078050083612725,-0.35839027908706883,1
0.6289868607203558,0.09046199157580889,1
0.2213983646877794,0.5213015128485258,1
0.5030886680652761,0.4201132094305753,1
0.33031408109577926,-0.2235196477041323,1
-0.42990945597807073,0.30676963282321423,1
-0.026700074822442924,-1.4028945088992089,0
0.08698515786841848,0.04919907788959291,1
-0.4810657678973157,-0.22546839197529003,1
-0.9166322380723074,-0.780306126431381,0
0.1952669562927962,0.830974400052364,0
0.17064269910196236,0.2527068553047883,1
-0.030820000221280897,0.0091904371811391,1
0.36711610391181615,0.4610492852613482,1
0.47987790553321147,-0.1928245626176407,1
-0.0022537806640374747,-0.08410413032051756,1
0.3468852467157117,-0.28325778632528203,1
-0.4700913804723571,-1.1932276897289038,0
0.606780457369703,0.40838888819011293,0
0.7186342567975287,-0.8745012501002427,0
0.35997388051779244,0.30562047635680456,1
-0.2805356228291114,1.1825538181926623,0
-0.05973555497546923,-0.7005798476113307,1
-0.18545362812318916,-0.3104467526155883,1
-0.7196480432116747,-0.45764670610958236,0
-0.6068669363853664,-0.28769285041745757,1
0.8338054885416238,0.7675056198596506,0
-0.5094651748061293,-0.07509465389206191,1
0.5856695105011833,-0.1360654576913129,0
-0.3264767689643602,-0.6662254937867309,0
-0.19199629821124106,-0.8383402738372874,0
-0.7048466172426932,-0.5720960445263136,0
-1.101237844010067,0.13574639852534243,0
-0.7960532978602872,-0.2738084227756882,1
-0.9291220273309826,0.45711973615747564,0
0.8810716275142598,-0.4819099837900207,0
-0.9219097917870661,-0.6266315316040951,0
1.049124637076115,-0.15899219825327807,0
-0.12728832355808944,-0.6398964808417018,1
-0.14809106289283291,0.6560295652044497,0
0.5441173458935927,0.3081782851682918,1
0.12389513579896619,1.1146382921928684,0
0.8897946864452886,0.634351726135797,0
-0.40714501340653114,0.017004914907355645,1
0.5214931400747524,0.254033716538945,1
0.5869953631184194,-0.34438703118719216,1
-0.11669060993154942,0.8066755922809423,1
0.3877616171739815,-0.02847430737206344,1
0.6102427647296116,0.4434187180125684,1
0.9835132171390469,-0.44842345360419195,1
0.2913281255369039,0.013241530294392234,1
0.0507763781319034,-0.37719656857395645,1
-0.16936442481262332,-0.749853552183813,1
-0.20416537814653352,-0.3685288893294345,1
-1.029899807556238,0.4953976331850289,0
1.1425222943746969,-0.041671840612104494,0
-1.269633447290683,-0.6924837166056279,0
-0.27659736711593313,0.5347133923810133,1
0.008459576409716778,0.5847741619849416,1
0.9670030482916568,0.5901726114821388,0
-0.7207220232462611,0.6222338731623656,1
0.6953560112173099,0.2340394182709755,0
0.014141681196883277,0.6562512150958943,0
0.534286724376965,-0.5973350539688095,0
-0.42772534897561587,-0.4127347910385395,1
0.058186167032556246,-0.8033255325806169,0
0.26748573013222393,-0.5607374561320542,1
0.5098588997771748,-0.32681998914653154,1
-0.7296553376878315,0.5032033684711004,0
-0.7490017206305989,-0.7652864151844239,0
0.7586907868848458,-0.3036477778270244,1
-0.6109501687909823,0.7462793878504136,0
0.699975895196679,0.23821164574013903,1
-0.5239692948910312,-0.37431954695970393,1
-0.02772286417946708,-0.5985217098308195,1
-1.0217459754874303,0.3167074691585887,0
-0.6680956382822179,-0.07160433667350899,0
-0.41008053721658655,-0.2560288730752348,1
0.040954413912448896,-0.5260026761724338,1
1.1016682459743083,0.4162089677737978,0
-0.9138936280190554,0.6485632899613346,0
-0.04205000201255982,1.2762320586656377,0
0.5322450954504399,0.47426752578724346,0
-0.4405227873329264,-0.2997829811147967,1
0.7901137327462406,0.36864778730214415,0
0.6528723408074173,-0.1289177546582675,1
0.7992766527104073,-0.6815427859243419,0
0.5317308999547734,-0.14510049198714406,1
-0.245564945787708,-0.9179452011005407,0
0.10813040499485355,-1.02002859234718,0
-0.4682905136017548,-0.07822170895032,1
-0.9541182875746284,0.38173103482056736,0
-0.23597234145836501,-0.022041990730879896,1
0.933483248866902,-0.2441310488620449,0
0.1542300374828404,-0.2795398543464626,1
-0.3183483536337417,0.7819317486418011,1
0.043306715067766816,-0.3454153889173447,1
0.9895549453984668,-0.27428008887987093,0
0.008600782886833032,-0.7192580343363861,1
-0.5380512393277627,1.1886399078068912,0
-0.14728677772210963,-1.2838951567579302,0
0.3283090843206041,0.454211249981889,1
-0.13792531352900492,-0.4887850184696581,1
-0.016331010812768592,-0.6931220058852592,1
0.8307165440007952,0.5808128771189992,0
0.7624351320458864,-0.6830102477935673,0
-0.18031482456181225,-0.00828955070036505,1
0.03301208147562523,-0.31144218259037104,1
-0.29059113010431914,0.47284429937773487,1
-1.0490329100374263,0.5479582319005339,0
0.4512613630078047,0.04423750296339457,1
0.1851156541743586,0.3247081369400068,1
-0.34519964199248965,-0.34714051639529575,1
0.1038978058597442,-0.8186371745590135,1
0.18855161713109023,-0.3581513870316163,1
0.03941321140438936,-0.08068910714353697,1
-0.9168730679023239,0.6675854097979224,0
-0.7325952594621508,0.5672823421103259,0
-0.6387581302913885,0.11894468402215591,1
0.26777653298442594,-0.1809155694813364,1
1.091967070510308,-0.12926876732724266,0
-0.8581937800675166,-0.7345492486721917,0
-0.3086495994602539,0.17853060118482475,1
-0.5873604441690048,0.5184991609484735,0
-0.6946478722292314,0.4611480389990514,1
0.11342293516973534,-1.0401750238506022,0
0.49086803920885624,0.6882364904746212,1
-0.3605273477859985,-1.2013469290058116,0
0.24760155086468738,-0.35665677710716204,1
0.20505981617260133,-1.1064720087326045,0
-1.0028217341561738,0.17319597830608602,0
1.0079352926805885,0.6330703593240181,0
0.8524105668233994,0.18542305169498224,1
-1.0464987631790217,0.14253588722724933,0
0.40555022577608846,-0.9212674667824612,0
0.1880569142828977,0.17310949524945113,1
-1.3455544676895643,0.14465184765604167,0
0.8112703545313034,-0.49720544538867073,0
-0.9475115160372455,0.7872903848114352,0
0.08037966937402827,-1.2279733255300562,0
0.2990279547813449,0.9365145232814209,0
-1.0960034853827754,0.7582179689582722,0
-1.2634377610915757,-0.776542040868393,0
0.8900111597768612,-0.05722514887128597,0
-0.7513243981000801,-0.5095124745749033,0
0.6797508923179211,-0.20986192514600613,1
0.30106080742120533,-0.39951480931875577,1
0.32866817326459896,0.153801575246717,1
0.3800058632263124,-0.9041395670475907,0
0.5913704336338313,-0.059420548507826965,1
-0.9806908849958299,-0.24427992996682363,0
-0.7119597212937321,-0.3262444545358975,1
0.10018268242429973,-0.9890100291264418,0
-0.20643406323362884,1.1796955184659335,0
1.0257820040738572,-0.5546965112673756,0
0.07854566323894832,-0.5174371827163546,1
0.12088582825243555,0.5183793456458513,1
-0.6855555968323737,0.7243023353766135,0
0.9711918886641963,0.5138903796579091,0
-0.21302931600891648,-0.7952234175287827,0
-1.0849200983508278,-0.08247938616051567,0
-0.5179848297623916,0.3122109468096502,1
0.24197312777670293,0.2817849875612842,1
0.49230303903947503,-0.5154412307929243,0
-0.2866075599448567,-0.21484646779357197,1
0.44118284170701383,0.2754774157104093,1
-0.343376458889754,0.7882848099067363,0
0.7645551031248953,0.14041655802972547,0
0.5957423082501018,-0.29407690793538244,1
-0.47406547954770023,-0.07678486845903248,1
0.46230792783608393,-0.13644709810629094,1
0.793587601546896,0.9184420960300995,0
0.6217144027887052,-0.6646651902556858,0
-0.45298737302522873,0.7229180137619275,1
-0.21907723291360687,-0.5833640043352251,0
0.72997209268217,0.6514809086150866,0
-0.5744607886794693,-0.5931480930540773,0
-0.5039910397423238,0.12213862631591264,1
-0.08669646915567536,1.0072253272227898,0
0.28693773475178386,0.1681699093043858,1
0.711514443443128,-0.33041256848613765,0
-1.019828845202628,-0.46782003831281244,0
0.19248618608728432,-0.6588747964490821,1
0.26580773573227845,-0.6414988255540883,0
-0.5475730659168556,-0.05014562952707734,1
0.32307432431219074,-0.11468837711521215,1
-0.3196617162235309,0.9230239460114058,0
-0.4253190971087515,0.4716861799976996,1
-0.8961116682240579,0.5943161480746642,0
-0.819752381131293,-0.2602875726097462,0
0.9204104113564779,0.07206585622193334,0
-0.29197746809655045,0.5121803623078396,1
0.1001811016763432,-0.3638664634432166,1
-0.9293760337635238,0.3761799947664276,0
-0.28618019538711353,-0.3009598758675919,1
1.3150215571299926,-0.07876345548032163,0
0.7079500512124621,-0.32951190981470646,1
0.4801568176776174,-0.11299396201454998,1
0.871256466636705,-0.3055566780535366,0
-0.5660690647631726,0.6296267445463453,0
-1.4813883962356156,0.27670093982221,0
0.5645669568276118,-0.20372187638585398,1
0.3214133594364599,-0.6942924191304383,1
-0.5448776229134062,-0.012786813996678428,1
0.32658299260267,-0.8753604128397935,0
-0.3891738257149575,-0.7003597138280268,0
-0.5931282580568095,0.47435421542000655,1
-0.23039017216857793,0.035565900057803176,1
-0.9871710959842411,-0.12792046149775568,0
-0.3785201359412817,0.13641430349670702,1
-0.6370350942563487,-0.8297572575754559,0
0.1526841887739418,0.11278805433463396,1
1.2268492002341016,-0.8111476169625913,0
0.45541181828103017,0.3629884298957077,1
0.11629690607257787,0.4572681504796212,1
-0.3076073469561061,0.7041745998837012,0
0.3001096352481508,0.07085183485199187,1
-0.7592197988620035,0.0347958171826003,1
1.079111957157505,0.6937928108113824,0
0.47586266328602544,-0.19216124447997018,1
0.3060218324364362,0.001860437667001425,1
0.02289238984372767,0.42502437550585503,1
-0.28880751252874204,-1.0927044334787563,0
-0.21569446734481745,-1.137104134335166,0
